{
    /* total number of categories */
    "m": 4,
    /* maximum number for each category */
    "k": 10,
    /* number of periods */
    "T": 5,
    /* storing cost for each item */
    "h": 0.5,
    /* the price of each item */
    "r": 5,
    /* the ordering cost of each item */
    "c": 3,
    /* the disposal cost of each item */
    "theta": 2,
    /* the salvage benefit for one item */
    "s": 0.2,
    /* the discount rate */
    "alpha": 0.95,
    /* maximum storage */
    "maxhold": 3,
    /* the arrival rate for poisson distribution */
    "lambda": 8,

    "min_demand": 0,
    "max_demand": 20,

    "demand_distribution": [
        0.00033546, 0.0026837, 0.0107348, 0.02862614, 0.05725229,
        0.09160366, 0.12213822, 0.13958653, 0.13958653, 0.12407692,
        0.09926153, 0.07219021, 0.0481268, 0.02961649, 0.01692371,
        0.00902598, 0.00451299, 0.00212376, 0.00094389, 0.00039743
    ]
}
